book_id,title,author,stock
1,Agent every.,Noah Rhodes,2
2,Beautiful instead ahead.,Jonathan Johnson,1
3,Respond red.,Jerry Ramirez,5
4,Song.,Melissa Peterson,4
5,Democratic shake.,James Howard,4
6,Page southern role.,Valerie Gray,3
7,Fall pick those.,Corey Jones,2
8,Significant world.,Sharon James,9
9,Player half have.,Derek Zuniga,2
10,Participant commercial.,Carla Gray,10
11,Detail food shoulder.,Rodney Trujillo,7
12,Environment decision wall.,Emily Rios,1
13,Those poor central.,Patrick Ryan,1
14,Investment on gun young.,Johnny Campos,2
15,Check civil.,Linda Cruz,4
16,You more wife team.,Nathan Maldonado,4
17,Seem shoulder future.,Christopher Smith,9
18,Will seven.,Ashley Garrett,10
19,Participant check several.,Paula Moreno,1
20,Place.,Alec Hickman,9
21,Dream drive.,Angela Dennis,4
22,Within mouth.,Matthew Arroyo,9
23,Enter their.,Daniel Ryan,7
24,Require human.,Jacqueline Lam,4
25,Building different full.,Crystal Robinson,8
26,Remain arrive.,Andre Rivera,10
27,Draw protect Democrat.,Timothy Duncan,5
28,Drug list imagine.,Matthew Gomez,1
29,Level rock pull.,Mrs. Jennifer Morgan,3
30,Eat couple.,Javier Ramirez,7
31,Themselves away.,Savannah Garcia,6
32,Structure why unit.,Carol Tucker,5
33,Ten total.,Aaron Myers,3
34,Expect recent room.,Mary Tucker,4
35,Father why.,Kimberly Adkins,6
36,Anyone live.,Kim Brown,2
37,Bag control organization.,Cynthia Wilson,2
38,East organization people.,Kevin Mills,7
39,Daughter respond.,James Powers,2
40,Lead upon.,Alexandra Howell,6
41,You available defense.,Timothy Ibarra,6
42,Hard citizen.,Michele Carr,10
43,Account stage federal.,Teresa Taylor,5
44,Threat score.,Douglas Clark,1
45,Data plant enough.,Taylor Mathis Jr.,8
46,Stop analysis four.,William Martin,9
47,Necessary into act.,Stephen Mckee,2
48,Along hard need.,Andrew Diaz,7
49,Way.,Michael Estrada,2
50,Sister this image.,Brittany Spears,9
51,Wish specific.,Allison Doyle,5
52,Site in prove.,Danielle Moore,10
53,Him although.,Curtis Sellers,6
54,Figure somebody dinner.,Corey Murphy,10
55,Whom evidence.,Jennifer Zavala,4
56,Former agree theory.,Kevin Terrell,2
57,Boy.,Haley Hartman,1
58,Paper memory history.,Dawn Fletcher,4
59,Nature.,Kimberly Ball,5
60,Hair attorney.,Erin Edwards,2
61,Rest feel.,Jason Powell,4
62,Never court.,Jamie Adkins,2
63,Past feeling.,April Mitchell,7
64,Size parent focus.,Michael Dixon,5
65,Probably exist.,Lisa Davis,8
66,Pull different.,Alexander Sanchez,6
67,Particularly shoulder lay.,Laura Higgins,3
68,Manager during prevent.,Paul Carrillo,6
69,Sing despite.,Melissa Marshall,6
70,Eat summer lead.,Mary Travis,4
71,Fish sense kind spring.,Jessica Meadows,5
72,Today season listen.,David Walsh,2
73,Machine dream key.,Cynthia Rogers,10
74,Ball character him.,Daniel Perry,3
75,My indeed deal.,Taylor Silva,9
76,Tough.,Laura Woods,4
77,Fear hope through.,Kimberly Navarro,3
78,Today major event magazine.,Michael Yates,8
79,Subject try.,Ms. Susan Vargas,7
80,Because.,Brandy Murray,5
81,Ever.,Daniel Murphy,9
82,Everything week instead.,Julie Curry,4
83,Hard.,Barry Bernard,6
84,Somebody.,David Combs,1
85,Charge call prove nor.,Michael Wang,4
86,Paper white.,Paula Martin,1
87,Blue agent.,Michael Rubio,6
88,Walk cup option.,Dana Terry,7
89,Sure outside.,William Patton,5
90,Mouth product attention.,Alexandria Fisher,2
91,Black whether player.,Michelle Graham,4
92,Whole establish space.,Karen Graham,10
93,Environmental system store beautiful.,Dana Marshall,6
94,Property from management foot.,Mr. David Ramirez,4
95,Red everybody act way.,Nathan Freeman,8
96,Real position.,Ricky Davis II,7
97,Fill ok.,Joseph Coleman,8
98,Former reflect even.,Bryan Lee,3
99,Sea week.,Cheryl Rodgers,5
100,Right with.,Diane Garcia,3
