member_id,name,joined_date
1,Darren White,2022-06-06
2,Denise Mccann,2024-01-18
3,Beth Oneill,2023-11-11
4,Laura Harrison,2023-09-16
5,Anthony Everett,2023-10-27
6,Jennifer Jones,2024-04-10
7,Chase Hart,2023-04-20
8,Bailey Duran DDS,2024-10-04
9,Joseph Hayes,2023-09-19
10,Wanda Torres,2024-04-01
11,Natalie Meza,2023-01-04
12,Matthew Moore,2022-11-28
13,Aaron Hayes,2024-03-02
14,David Mann,2024-06-30
15,Michael Bradshaw,2024-10-01
16,Mary Peck,2023-08-30
17,Maria Kerr,2024-11-12
18,Christopher Parker,2024-08-19
19,Donna Martinez,2024-06-14
20,Terri Mason,2023-11-14
21,Andrew Reynolds,2023-05-10
22,Brandon Hayden,2024-11-23
23,Tiffany Key,2024-05-27
24,Andrew Avila,2023-10-19
25,Sydney White,2024-02-22
26,Katherine Davis,2023-06-07
27,Michael Hodge,2023-05-18
28,Donna Landry,2024-10-29
29,Jordan Edwards,2023-05-11
30,Jennifer Robertson,2025-05-08
31,Kimberly Gutierrez,2022-12-13
32,Peter Garrett,2024-08-31
33,Joshua Pennington,2023-09-14
34,Barbara Dudley,2024-03-19
35,Christopher Pierce,2024-01-17
36,Willie Durham,2023-10-09
37,Ronnie Jimenez,2024-07-15
38,Denise Davenport,2025-04-30
39,Juan Reyes,2025-02-25
40,Sherry Shields,2023-03-20
41,Jennifer Villa,2023-11-29
42,Diane Evans,2024-02-24
43,Mrs. Brittany Ryan MD,2024-01-16
44,Jordan Morris,2022-12-14
45,Laura Hall,2024-09-17
46,Patrick Thornton,2024-10-27
47,Matthew Hoover,2025-04-30
48,Andrew Shaw MD,2024-12-30
49,Jessica Fox,2023-10-04
50,Jennifer Pena,2022-11-07
